Model,MAE,RMSE,R2
Linear Regression,287.7513137422001,379.4238952463627,0.6486921229367282
Decision Tree,135.87899543378995,250.35161270656775,0.8470535793274953
Random Forest,99.49500380517503,175.84936090654548,0.9245394233383408
Gradient Boosting,150.9563645826721,231.78146908303015,0.8689020340289686
Keras Baseline,156.80816650390625,247.60492567545987,0.8503912091255188
Keras Wide,132.68069458007812,219.24676629599352,0.882698118686676
Keras Deep,138.29373168945312,224.45346817324966,0.87706059217453
Keras Dropout,176.09178161621094,274.7217626526883,0.8158275485038757
Keras LR 0.0005,188.6802215576172,289.57576728725076,0.7953729629516602
